index,Draft,Refined,Edited,Final
Draft,1.0000000000000002,0.8550675044631298,0.9132235829378624,0.8614528913915815
Refined,0.8550675044631298,1.0,0.8643448790676665,0.8225821944353507
Edited,0.9132235829378624,0.8643448790676665,0.9999999999999998,0.9183509399864819
Final,0.8614528913915815,0.8225821944353507,0.9183509399864819,1.0
