Stage,Characters,Words,Sentences,UniqueWords,AvgSentenceLen_Words
Draft,8054,1358,94,542,14.446808510638299
Refined,5972,940,74,496,12.702702702702704
Edited,10627,1690,105,681,16.095238095238095
Final,8160,1389,105,590,13.228571428571428
